date,firm,region,LPC,CPC,NDP,BQ,GPC,PPC,sample_size
2026-04-25,Liaison,ON,58.0,33.0,12.0,,3.0,2.0,
2026-04-24,Nanos,ON,52.0,36.0,6.0,,2.0,1.0,
2026-04-22,Abacus,ON,50.0,38.0,8.0,,3.0,1.0,
2026-04-20,Angus Reid,ON,46.0,37.0,13.0,,3.0,,
2026-04-18,Liaison,ON,50.0,34.0,10.0,,3.0,1.0,
2026-04-17,Nanos,ON,54.0,32.0,9.0,,2.0,2.0,
2026-04-11,Liaison,ON,51.0,34.0,11.0,,2.0,2.0,
2026-04-10,Nanos,ON,53.0,31.0,12.0,,2.0,2.0,
2026-04-08,Spark,ON,50.0,33.0,9.0,,,,
2026-04-08,Abacus,ON,49.0,39.0,7.0,,2.0,1.0,
2026-04-07,Ipsos,ON,52.0,32.0,9.0,,3.0,4.0,
2026-04-04,Liaison,ON,51.0,34.0,10.0,,1.0,2.0,
2026-04-03,Nanos,ON,49.0,31.0,14.0,,3.0,3.0,
2026-03-30,Leger,ON,54.0,34.0,7.0,,4.0,,
2026-03-28,Liaison,ON,50.0,34.0,10.0,,3.0,2.0,
2026-03-27,Nanos,ON,49.0,34.0,12.0,,3.0,3.0,
2026-03-26,Spark,ON,47.0,33.0,13.0,,,,
2026-03-24,Abacus,ON,47.0,40.0,9.0,,2.0,1.0,
2026-03-21,Liaison,ON,49.0,33.0,11.0,,3.0,1.0,
2026-03-20,Nanos,ON,46.0,37.0,13.0,,2.0,1.0,
2026-03-17,Angus Reid,ON,49.0,38.0,9.0,,2.0,,
2026-03-15,EKOS,ON,47.0,31.0,16.0,,3.0,2.0,
2026-03-14,Liaison,ON,48.0,32.0,10.0,,3.0,4.0,
2026-03-13,Nanos,ON,46.0,39.0,11.0,,3.0,1.0,
2026-03-11,Abacus,ON,51.0,36.0,8.0,,2.0,2.0,
2026-03-07,Liaison,ON,47.0,30.0,12.0,,3.0,5.0,
2026-03-06,Spark,ON,47.0,35.0,10.0,,,,
2026-03-06,Nanos,ON,47.0,40.0,10.0,,2.0,,
2026-03-02,Leger,ON,52.0,36.0,4.0,,5.0,,
2026-02-28,Liaison,ON,47.0,33.0,12.0,,3.0,3.0,
2026-02-27,Nanos,ON,46.0,40.0,11.0,,2.0,1.0,
2026-02-26,Ipsos,ON,46.0,41.0,8.0,,4.0,,
2026-02-24,Pollara,ON,47.0,38.0,10.0,,,,
2026-02-23,Angus Reid,ON,48.0,36.0,10.0,,5.0,,
2026-02-23,Abacus,ON,48.0,39.0,8.0,,2.0,2.0,
2026-02-21,Liaison,ON,48.0,33.0,11.0,,3.0,3.0,
2026-02-20,Nanos,ON,46.0,40.0,9.0,,4.0,1.0,
2026-02-14,Liaison,ON,47.0,34.0,12.0,,3.0,4.0,
2026-02-13,Nanos,ON,46.0,41.0,10.0,,2.0,2.0,
2026-02-10,Abacus,ON,48.0,39.0,8.0,,4.0,2.0,
2026-02-07,Liaison,ON,47.0,35.0,11.0,,3.0,4.0,
2026-02-06,Research Co,ON,46.0,38.0,8.0,,3.0,3.0,
2026-02-06,Nanos,ON,46.0,41.0,8.0,,3.0,2.0,
2026-01-31,Liaison,ON,48.0,35.0,11.0,,1.0,3.0,
2026-01-30,EKOS,ON,51.0,29.0,15.0,,4.0,1.0,
2026-01-30,Nanos,ON,49.0,42.0,6.0,,2.0,2.0,
2026-01-27,Abacus,ON,46.0,41.0,8.0,,3.0,2.0,
2026-01-26,Angus Reid,ON,49.0,39.0,9.0,,2.0,1.0,
2026-01-26,Leger,ON,51.0,40.0,6.0,,2.0,,
2026-01-24,Liaison,ON,48.0,35.0,12.0,,1.0,2.0,
2026-01-23,Nanos,ON,45.0,44.0,6.0,,3.0,2.0,
2026-01-17,Liaison,ON,47.0,36.0,13.0,,1.0,2.0,
2026-01-16,Nanos,ON,45.0,42.0,7.0,,3.0,3.0,
2026-01-16,Abacus,ON,44.0,40.0,8.0,,4.0,3.0,
2026-01-14,Abacus,ON,44.0,43.0,8.0,,2.0,1.0,
2026-01-12,Pallas,ON,44.0,40.0,11.0,,3.0,,
2026-01-10,Liaison,ON,44.0,37.0,14.0,,2.0,2.0,
2026-01-09,Nanos,ON,44.0,42.0,8.0,,3.0,2.0,
2026-01-03,Liaison,ON,42.0,38.0,11.0,,4.0,2.0,
2026-01-02,Nanos,ON,40.0,42.0,9.0,,4.0,2.0,
2025-12-28,Liaison,ON,45.0,37.0,11.0,,3.0,1.0,
2025-12-26,Nanos,ON,40.0,39.0,11.0,,4.0,2.0,
2025-12-21,Liaison,ON,43.0,38.0,13.0,,2.0,1.0,
2025-12-19,Nanos,ON,39.0,38.0,12.0,,5.0,,
2025-12-15,Ipsos,ON,42.0,42.0,10.0,,3.0,3.0,
2025-12-15,Pallas,ON,47.0,41.0,9.0,,4.0,,
2025-12-15,Campaign,ON,46.0,38.0,8.0,,3.0,4.0,
2025-12-14,Innovative,ON,44.0,42.0,10.0,,4.0,,
2025-12-12,Nanos,ON,45.0,36.0,9.0,,6.0,,
2025-12-09,Abacus,ON,45.0,44.0,7.0,,2.0,1.0,
2025-12-05,Nanos,ON,47.0,37.0,6.0,,7.0,,
2025-12-01,Angus Reid,ON,48.0,39.0,9.0,,2.0,1.0,
2025-12-01,Abacus,ON,45.0,44.0,7.0,,3.0,1.0,
2025-12-01,Innovative,ON,45.0,40.0,9.0,,4.0,,
2025-11-30,Liaison,ON,45.0,35.0,13.0,,3.0,3.0,
2025-11-30,Leger,ON,48.0,35.0,9.0,,5.0,,
2025-11-28,Nanos,ON,48.0,41.0,6.0,,5.0,,
2025-11-27,Abacus,ON,46.0,43.0,8.0,,2.0,1.0,
2025-11-21,Nanos,ON,49.0,41.0,6.0,,5.0,,
2025-11-14,Nanos,ON,45.0,42.0,9.0,,4.0,,
2025-11-11,EKOS,ON,45.0,40.0,10.0,,2.0,2.0,
2025-11-08,Liaison,ON,49.0,35.0,10.0,,3.0,1.0,
2025-11-07,Nanos,ON,47.0,39.0,9.0,,3.0,1.0,
2025-11-07,North Poll,ON,42.0,44.0,9.0,,3.0,2.0,
2025-11-07,Angus Reid,ON,46.0,39.0,9.0,,4.0,1.0,
2025-11-06,Abacus,ON,44.0,43.0,8.0,,3.0,2.0,
2025-11-04,EKOS,ON,44.0,37.0,11.0,,4.0,3.0,
2025-11-03,Liaison,ON,43.0,38.0,12.0,,3.0,2.0,
2025-11-02,Leger,ON,48.0,42.0,6.0,,3.0,,
2025-10-31,Nanos,ON,45.0,40.0,11.0,,2.0,2.0,
2025-10-29,Abacus,ON,44.0,44.0,8.0,,3.0,1.0,
2025-10-27,Innovative,ON,43.0,43.0,9.0,,4.0,,
2025-10-24,EKOS,ON,49.0,33.0,12.0,,3.0,2.0,
2025-10-24,Nanos,ON,43.0,39.0,14.0,,2.0,2.0,
2025-10-17,Nanos,ON,43.0,40.0,12.0,,3.0,2.0,
2025-10-16,Pallas,ON,45.0,38.0,11.0,,4.0,,
2025-10-15,Abacus,ON,44.0,43.0,8.0,,3.0,1.0,
2025-10-10,Nanos,ON,39.0,41.0,11.0,,5.0,3.0,
2025-10-05,Leger,ON,48.0,39.0,9.0,,3.0,,
2025-10-03,Nanos,ON,40.0,41.0,10.0,,6.0,1.0,
2025-10-01,Abacus,ON,45.0,42.0,7.0,,3.0,2.0,
2025-09-26,Nanos,ON,44.0,38.0,9.0,,6.0,2.0,
2025-09-22,Angus Reid,ON,44.0,42.0,10.0,,3.0,1.0,
2025-09-21,Liaison,ON,47.0,38.0,10.0,,2.0,1.0,
2025-09-19,Nanos,ON,43.0,37.0,10.0,,5.0,3.0,
2025-09-18,Mainstreet,ON,48.0,41.0,6.0,,2.0,2.0,
2025-09-17,Abacus,ON,45.0,43.0,6.0,,3.0,2.0,
2025-09-12,Research Co,ON,48.0,39.0,7.0,,4.0,2.0,
2025-09-12,Nanos,ON,46.0,35.0,14.0,,2.0,2.0,
2025-09-12,EKOS,ON,48.0,34.0,12.0,,4.0,3.0,
2025-09-08,Ipsos,ON,46.0,42.0,5.0,,3.0,3.0,
2025-09-07,Leger,ON,49.0,42.0,6.0,,3.0,,
2025-09-05,Nanos,ON,45.0,35.0,13.0,,4.0,2.0,
2025-09-04,Angus Reid,ON,43.0,43.0,10.0,,3.0,1.0,
2025-09-02,Abacus,ON,47.0,43.0,5.0,,2.0,2.0,
2025-09-01,Mainstreet,ON,46.0,38.0,9.0,,2.0,3.0,
2025-08-29,Nanos,ON,47.0,35.0,12.0,,4.0,2.0,
2025-08-27,Liaison,ON,47.0,36.0,11.0,,3.0,3.0,
2025-08-22,Nanos,ON,49.0,33.0,11.0,,4.0,2.0,
2025-08-19,Abacus,ON,46.0,44.0,8.0,,2.0,1.0,
2025-08-15,Nanos,ON,51.0,31.0,10.0,,4.0,2.0,
2025-08-08,Nanos,ON,54.0,28.0,11.0,,3.0,3.0,
2025-08-08,Liaison,ON,47.0,36.0,12.0,,3.0,1.0,
2025-08-07,Abacus,ON,48.0,41.0,7.0,,3.0,1.0,
2025-08-04,Leger,ON,52.0,39.0,5.0,,3.0,,
2025-08-01,Pallas,ON,47.0,41.0,6.0,,2.0,,
2025-08-01,Nanos,ON,52.0,29.0,13.0,,2.0,3.0,
2025-07-28,Innovative,ON,45.0,42.0,8.0,,4.0,,
2025-07-25,Nanos,ON,51.0,32.0,11.0,,3.0,3.0,
2025-07-15,Abacus,ON,46.0,43.0,7.0,,3.0,,
2025-07-14,EKOS,ON,50.0,30.0,12.0,,4.0,4.0,
2025-07-11,Nanos,ON,50.0,36.0,8.0,,3.0,3.0,
2025-07-04,Nanos,ON,47.0,38.0,9.0,,4.0,2.0,
2025-07-04,Leger,ON,53.0,37.0,5.0,,3.0,,
2025-07-02,Abacus,ON,44.0,43.0,8.0,,3.0,2.0,
2025-07-02,Research Co,ON,53.0,41.0,4.0,,1.0,,
2025-06-30,Innovative,ON,46.0,41.0,8.0,,3.0,,
2025-06-27,Nanos,ON,48.0,39.0,9.0,,2.0,2.0,
2025-06-20,Nanos,ON,46.0,40.0,9.0,,2.0,1.0,
2025-06-19,Abacus,ON,48.0,41.0,6.0,,2.0,2.0,
2025-06-13,Nanos,ON,43.0,42.0,11.0,,3.0,1.0,
2025-06-06,Nanos,ON,44.0,43.0,10.0,,2.0,1.0,
2025-06-05,Abacus,ON,47.0,41.0,7.0,,2.0,2.0,
2025-05-30,Nanos,ON,42.0,45.0,10.0,,2.0,1.0,
2025-05-30,Spark,ON,45.0,43.0,7.0,,,,
2025-05-25,Leger,ON,54.0,37.0,5.0,,3.0,,
2025-05-23,Nanos,ON,42.0,46.0,7.0,,3.0,1.0,
2025-05-22,Innovative,ON,47.0,40.0,8.0,,3.0,,
2025-05-21,Abacus,ON,47.0,41.0,7.0,,2.0,2.0,
2025-05-16,Nanos,ON,44.0,45.0,5.0,,4.0,2.0,
2025-05-07,Nanos,ON,44.0,44.0,6.0,,4.0,2.0,
2026-04-25,Liaison,QC,45.0,21.0,6.0,26.0,2.0,,
2026-04-24,Nanos,QC,44.0,14.0,12.0,23.0,5.0,1.0,
2026-04-22,Abacus,QC,43.0,19.0,4.0,30.0,2.0,,
2026-04-20,Leger,QC,47.0,17.0,5.0,29.0,2.0,,
2026-04-20,Angus Reid,QC,42.0,18.0,8.0,28.0,2.0,,
2026-04-18,Liaison,QC,41.0,19.0,10.0,26.0,2.0,1.0,
2026-04-17,Nanos,QC,44.0,18.0,12.0,22.0,4.0,1.0,
2026-04-11,Liaison,QC,36.0,18.0,10.0,30.0,3.0,3.0,
2026-04-10,Nanos,QC,46.0,20.0,7.0,22.0,3.0,1.0,
2026-04-08,Spark,QC,44.0,21.0,4.0,24.0,,,
2026-04-08,Abacus,QC,44.0,24.0,3.0,27.0,2.0,,
2026-04-07,Ipsos,QC,42.0,22.0,3.0,29.0,,2.0,
2026-04-04,Liaison,QC,39.0,20.0,8.0,28.0,3.0,1.0,
2026-04-03,Nanos,QC,49.0,18.0,7.0,22.0,4.0,,
2026-03-30,Leger,QC,46.0,15.0,5.0,31.0,2.0,,
2026-03-28,Liaison,QC,42.0,18.0,8.0,28.0,1.0,1.0,
2026-03-27,Nanos,QC,53.0,20.0,3.0,21.0,2.0,,
2026-03-26,Spark,QC,41.0,20.0,5.0,25.0,,,
2026-03-24,Abacus,QC,41.0,22.0,4.0,28.0,3.0,1.0,
2026-03-21,Liaison,QC,41.0,17.0,5.0,29.0,3.0,2.0,
2026-03-20,Nanos,QC,55.0,18.0,4.0,20.0,2.0,,
2026-03-17,Angus Reid,QC,43.0,17.0,6.0,30.0,2.0,,
2026-03-15,EKOS,QC,49.0,11.0,14.0,19.0,6.0,,
2026-03-14,Liaison,QC,40.0,18.0,6.0,28.0,4.0,2.0,
2026-03-13,Nanos,QC,55.0,19.0,4.0,19.0,2.0,,
2026-03-11,Abacus,QC,45.0,18.0,2.0,31.0,3.0,,
2026-03-07,Liaison,QC,41.0,18.0,6.0,28.0,3.0,2.0,
2026-03-06,Spark,QC,47.0,20.0,5.0,20.0,,,
2026-03-06,Nanos,QC,51.0,20.0,4.0,21.0,1.0,,
2026-03-02,Leger,QC,48.0,20.0,4.0,25.0,1.0,,
2026-02-28,Liaison,QC,40.0,20.0,6.0,28.0,3.0,,
2026-02-27,Nanos,QC,45.0,22.0,7.0,20.0,3.0,,
2026-02-26,Ipsos,QC,45.0,19.0,3.0,31.0,1.0,1.0,
2026-02-24,Pollara,QC,45.0,17.0,3.0,32.0,,,
2026-02-23,Angus Reid,QC,41.0,14.0,11.0,30.0,3.0,,
2026-02-23,Abacus,QC,43.0,22.0,3.0,28.0,3.0,1.0,
2026-02-21,Liaison,QC,43.0,19.0,6.0,28.0,2.0,,
2026-02-20,Nanos,QC,36.0,22.0,8.0,30.0,3.0,,
2026-02-14,Liaison,QC,41.0,20.0,7.0,28.0,2.0,,
2026-02-13,Nanos,QC,31.0,23.0,9.0,33.0,2.0,,
2026-02-10,Abacus,QC,46.0,19.0,6.0,27.0,1.0,,
2026-02-07,Liaison,QC,39.0,21.0,7.0,30.0,2.0,,
2026-02-06,Research Co,QC,43.0,17.0,5.0,29.0,2.0,3.0,
2026-02-06,Nanos,QC,34.0,20.0,9.0,35.0,2.0,,
2026-01-31,Liaison,QC,38.0,20.0,6.0,33.0,2.0,,
2026-01-30,EKOS,QC,40.0,19.0,10.0,24.0,3.0,1.0,
2026-01-30,Nanos,QC,33.0,19.0,8.0,36.0,3.0,,
2026-01-27,Abacus,QC,41.0,24.0,4.0,27.0,2.0,1.0,
2026-01-26,Angus Reid,QC,40.0,20.0,7.0,30.0,1.0,1.0,
2026-01-26,Leger,QC,46.0,22.0,3.0,26.0,2.0,,
2026-01-24,Liaison,QC,35.0,18.0,6.0,37.0,3.0,,
2026-01-23,Nanos,QC,37.0,18.0,8.0,33.0,3.0,1.0,
2026-01-17,Liaison,QC,36.0,18.0,7.0,35.0,3.0,,
2026-01-16,Nanos,QC,35.0,19.0,10.0,31.0,6.0,1.0,
2026-01-16,Abacus,QC,38.0,24.0,1.0,32.0,1.0,1.0,
2026-01-14,Abacus,QC,37.0,26.0,2.0,31.0,3.0,1.0,
2026-01-12,Pallas,QC,39.0,21.0,5.0,30.0,4.0,,
2026-01-10,Liaison,QC,36.0,18.0,7.0,35.0,3.0,,
2026-01-09,Nanos,QC,35.0,18.0,9.0,31.0,5.0,2.0,
2026-01-03,Liaison,QC,37.0,21.0,9.0,31.0,2.0,,
2026-01-02,Nanos,QC,34.0,18.0,9.0,31.0,3.0,2.0,
2025-12-28,Liaison,QC,37.0,20.0,8.0,33.0,1.0,,
2025-12-26,Nanos,QC,34.0,19.0,10.0,30.0,3.0,2.0,
2025-12-21,Liaison,QC,35.0,23.0,9.0,31.0,2.0,,
2025-12-19,Nanos,QC,38.0,18.0,8.0,30.0,2.0,3.0,
2025-12-15,Ipsos,QC,39.0,13.0,2.0,39.0,3.0,1.0,
2025-12-15,Pallas,QC,40.0,15.0,5.0,35.0,4.0,,
2025-12-14,Innovative,QC,36.0,22.0,4.0,32.0,4.0,,
2025-12-12,Nanos,QC,37.0,21.0,9.0,28.0,2.0,2.0,
2025-12-09,Abacus,QC,37.0,25.0,6.0,30.0,2.0,,
2025-12-05,Nanos,QC,41.0,21.0,7.0,26.0,1.0,2.0,
2025-12-01,Angus Reid,QC,35.0,19.0,7.0,35.0,3.0,1.0,
2025-12-01,Abacus,QC,40.0,21.0,3.0,31.0,1.0,2.0,
2025-12-01,Innovative,QC,36.0,21.0,4.0,34.0,2.0,,
2025-11-30,Liaison,QC,39.0,26.0,10.0,22.0,1.0,,
2025-11-30,Leger,QC,39.0,15.0,5.0,38.0,2.0,,
2025-11-28,Nanos,QC,43.0,23.0,3.0,30.0,1.0,1.0,
2025-11-27,Abacus,QC,41.0,22.0,2.0,30.0,1.0,2.0,
2025-11-21,Nanos,QC,41.0,23.0,3.0,29.0,1.0,2.0,
2025-11-14,Nanos,QC,39.0,23.0,4.0,30.0,1.0,3.0,
2025-11-11,EKOS,QC,46.0,14.0,9.0,25.0,3.0,1.0,
2025-11-08,Liaison,QC,42.0,25.0,8.0,24.0,1.0,,
2025-11-07,Nanos,QC,36.0,25.0,6.0,30.0,1.0,2.0,
2025-11-07,North Poll,QC,37.0,22.0,5.0,31.0,4.0,1.0,
2025-11-07,Angus Reid,QC,36.0,19.0,6.0,36.0,3.0,1.0,
2025-11-06,Abacus,QC,39.0,24.0,5.0,30.0,2.0,1.0,
2025-11-04,EKOS,QC,37.0,27.0,3.0,26.0,,1.0,
2025-11-03,Liaison,QC,44.0,24.0,7.0,22.0,2.0,,
2025-11-02,Leger,QC,40.0,20.0,4.0,32.0,4.0,,
2025-10-31,Nanos,QC,36.0,24.0,8.0,27.0,1.0,2.0,
2025-10-29,Abacus,QC,40.0,25.0,2.0,27.0,3.0,1.0,
2025-10-27,Innovative,QC,40.0,22.0,4.0,30.0,1.0,,
2025-10-24,EKOS,QC,38.0,24.0,9.0,26.0,2.0,2.0,
2025-10-24,Nanos,QC,39.0,22.0,7.0,29.0,1.0,,
2025-10-17,Nanos,QC,38.0,21.0,8.0,28.0,2.0,,
2025-10-16,Pallas,QC,40.0,23.0,6.0,26.0,2.0,,
2025-10-15,Abacus,QC,36.0,23.0,4.0,33.0,2.0,1.0,
2025-10-10,Nanos,QC,43.0,19.0,8.0,26.0,3.0,,
2025-10-05,Leger,QC,38.0,23.0,2.0,32.0,3.0,,
2025-10-03,Nanos,QC,48.0,18.0,6.0,25.0,3.0,,
2025-10-01,Abacus,QC,37.0,26.0,1.0,30.0,3.0,1.0,
2025-09-26,Nanos,QC,47.0,22.0,7.0,20.0,4.0,,
2025-09-22,Angus Reid,QC,35.0,24.0,5.0,33.0,2.0,,
2025-09-21,Liaison,QC,43.0,26.0,6.0,23.0,,1.0,
2025-09-19,Nanos,QC,50.0,17.0,5.0,23.0,4.0,1.0,
2025-09-17,Abacus,QC,36.0,21.0,7.0,29.0,4.0,,
2025-09-15,Leger,QC,42.0,21.0,4.0,30.0,3.0,,
2025-09-12,Research Co,QC,43.0,23.0,4.0,28.0,1.0,1.0,
2025-09-12,Nanos,QC,49.0,18.0,3.0,24.0,4.0,,
2025-09-12,EKOS,QC,42.0,19.0,9.0,24.0,2.0,3.0,
2025-09-08,Ipsos,QC,41.0,23.0,1.0,32.0,,3.0,
2025-09-07,Leger,QC,42.0,26.0,4.0,26.0,1.0,,
2025-09-05,Nanos,QC,48.0,18.0,5.0,23.0,5.0,,
2025-09-04,Angus Reid,QC,37.0,21.0,7.0,32.0,2.0,1.0,
2025-09-02,Abacus,QC,41.0,24.0,2.0,30.0,2.0,,
2025-09-01,Mainstreet,QC,41.0,26.0,3.0,27.0,,1.0,
2025-08-29,Nanos,QC,47.0,16.0,6.0,26.0,4.0,,
2025-08-27,Liaison,QC,47.0,22.0,6.0,23.0,,,
2025-08-22,Nanos,QC,47.0,21.0,5.0,23.0,5.0,,
2025-08-19,Abacus,QC,40.0,21.0,2.0,36.0,,,
2025-08-18,Leger,QC,43.0,22.0,5.0,28.0,2.0,,
2025-08-15,Nanos,QC,49.0,20.0,7.0,20.0,4.0,,
2025-08-08,Nanos,QC,48.0,19.0,6.0,24.0,2.0,,
2025-08-08,Liaison,QC,47.0,19.0,7.0,25.0,,,
2025-08-07,Abacus,QC,44.0,23.0,6.0,25.0,,1.0,
2025-08-04,Leger,QC,39.0,21.0,4.0,31.0,2.0,,
2025-08-01,Pallas,QC,42.0,20.0,7.0,27.0,2.0,,
2025-08-01,Nanos,QC,49.0,20.0,7.0,22.0,1.0,,
2025-07-28,Innovative,QC,41.0,21.0,5.0,29.0,2.0,,
2025-07-25,Nanos,QC,48.0,17.0,9.0,25.0,1.0,,
2025-07-15,Abacus,QC,44.0,22.0,3.0,28.0,2.0,,
2025-07-14,EKOS,QC,42.0,20.0,8.0,23.0,3.0,3.0,
2025-07-11,Nanos,QC,49.0,18.0,5.0,25.0,1.0,2.0,
2025-07-04,Nanos,QC,51.0,16.0,6.0,26.0,,1.0,
2025-07-04,Leger,QC,44.0,22.0,4.0,26.0,3.0,,
2025-07-02,Abacus,QC,42.0,19.0,4.0,31.0,2.0,1.0,
2025-07-02,Research Co,QC,46.0,21.0,8.0,19.0,2.0,1.0,
2025-06-30,Innovative,QC,44.0,20.0,4.0,28.0,2.0,,
2025-06-27,Nanos,QC,50.0,16.0,7.0,25.0,1.0,1.0,
2025-06-22,Léger,QC,44.0,23.0,5.0,25.0,3.0,,
2025-06-20,Nanos,QC,51.0,14.0,7.0,25.0,2.0,1.0,
2025-06-19,Abacus,QC,38.0,24.0,5.0,28.0,3.0,1.0,
2025-06-13,Nanos,QC,50.0,11.0,7.0,26.0,3.0,1.0,
2025-06-06,Nanos,QC,44.0,10.0,11.0,26.0,7.0,1.0,
2025-06-05,Abacus,QC,42.0,22.0,3.0,29.0,4.0,1.0,
2025-05-30,Nanos,QC,43.0,14.0,9.0,26.0,6.0,2.0,
2025-05-30,Spark,QC,38.0,21.0,3.0,31.0,,,
2025-05-23,Nanos,QC,43.0,17.0,7.0,24.0,7.0,2.0,
2025-05-22,Innovative,QC,41.0,24.0,7.0,26.0,2.0,,
2025-05-21,Abacus,QC,38.0,24.0,3.0,31.0,3.0,1.0,
2025-05-16,Nanos,QC,45.0,22.0,6.0,19.0,6.0,3.0,
2025-05-07,Nanos,QC,46.0,24.0,2.0,20.0,4.0,2.0,
2026-04-25,Liaison,BC,48.0,35.0,10.0,,3.0,3.0,
2026-04-24,Nanos,BC,42.0,30.0,21.0,,3.0,,
2026-04-22,Abacus,BC,48.0,34.0,12.0,,2.0,4.0,
2026-04-20,Angus Reid,BC,39.0,39.0,19.0,,3.0,,
2026-04-18,Liaison,BC,42.0,38.0,13.0,,3.0,2.0,
2026-04-17,Nanos,BC,46.0,33.0,17.0,,3.0,,
2026-04-13,Mainstreet,BC,51.0,32.0,9.0,,4.0,,
2026-04-11,Liaison,BC,41.0,37.0,12.0,,4.0,1.0,
2026-04-10,Nanos,BC,45.0,37.0,15.0,,3.0,,
2026-04-08,Spark,BC,50.0,31.0,13.0,,,,
2026-04-08,Abacus,BC,47.0,34.0,14.0,,4.0,1.0,
2026-04-07,Ipsos,BC,40.0,40.0,16.0,,4.0,,
2026-04-04,Liaison,BC,43.0,35.0,12.0,,4.0,2.0,
2026-04-03,Nanos,BC,45.0,35.0,16.0,,3.0,1.0,
2026-03-30,Leger,BC,42.0,45.0,7.0,,4.0,,
2026-03-28,Liaison,BC,42.0,37.0,14.0,,4.0,2.0,
2026-03-27,Nanos,BC,41.0,33.0,18.0,,6.0,1.0,
2026-03-26,Spark,BC,51.0,27.0,14.0,,,,
2026-03-24,Abacus,BC,47.0,35.0,13.0,,4.0,1.0,
2026-03-21,Liaison,BC,50.0,34.0,10.0,,3.0,1.0,
2026-03-20,Nanos,BC,37.0,36.0,19.0,,8.0,1.0,
2026-03-17,Angus Reid,BC,44.0,38.0,13.0,,3.0,,
2026-03-15,EKOS,BC,45.0,30.0,14.0,,9.0,2.0,
2026-03-14,Liaison,BC,47.0,34.0,10.0,,2.0,3.0,
2026-03-13,Mainstreet,BC,47.0,34.0,10.0,,4.0,1.0,
2026-03-13,Nanos,BC,37.0,30.0,20.0,,11.0,3.0,
2026-03-11,Abacus,BC,45.0,36.0,10.0,,7.0,1.0,
2026-03-07,Liaison,BC,44.0,33.0,11.0,,5.0,4.0,
2026-03-06,Spark,BC,51.0,30.0,12.0,,,,
2026-03-06,Nanos,BC,31.0,34.0,16.0,,15.0,3.0,
2026-03-02,Leger,BC,50.0,37.0,7.0,,5.0,,
2026-02-28,Liaison,BC,44.0,35.0,11.0,,5.0,4.0,
2026-02-27,Nanos,BC,35.0,32.0,15.0,,15.0,2.0,
2026-02-26,Ipsos,BC,43.0,43.0,11.0,,2.0,1.0,
2026-02-24,Pollara,BC,49.0,34.0,12.0,,,,
2026-02-23,Angus Reid,BC,42.0,39.0,13.0,,5.0,,
2026-02-23,Abacus,BC,44.0,38.0,10.0,,6.0,2.0,
2026-02-21,Liaison,BC,45.0,37.0,11.0,,4.0,1.0,
2026-02-20,Nanos,BC,37.0,38.0,9.0,,13.0,3.0,
2026-02-14,Liaison,BC,44.0,37.0,12.0,,4.0,1.0,
2026-02-13,Nanos,BC,38.0,43.0,8.0,,11.0,,
2026-02-10,Abacus,BC,45.0,37.0,12.0,,4.0,2.0,
2026-02-07,Liaison,BC,42.0,40.0,11.0,,4.0,1.0,
2026-02-06,Research Co,BC,46.0,33.0,15.0,,3.0,2.0,
2026-02-06,Nanos,BC,41.0,40.0,13.0,,7.0,,
2026-01-31,Liaison,BC,42.0,38.0,11.0,,4.0,3.0,
2026-01-30,EKOS,BC,36.0,32.0,20.0,,9.0,2.0,
2026-01-30,Nanos,BC,35.0,50.0,14.0,,2.0,,
2026-01-27,Abacus,BC,45.0,37.0,11.0,,6.0,1.0,
2026-01-26,Angus Reid,BC,39.0,38.0,15.0,,6.0,1.0,
2026-01-26,Leger,BC,45.0,43.0,5.0,,6.0,,
2026-01-24,Liaison,BC,44.0,33.0,12.0,,5.0,4.0,
2026-01-23,Nanos,BC,33.0,47.0,14.0,,5.0,,
2026-01-17,Liaison,BC,40.0,36.0,16.0,,5.0,1.0,
2026-01-16,Nanos,BC,33.0,45.0,15.0,,6.0,,
2026-01-16,Abacus,BC,43.0,37.0,14.0,,5.0,1.0,
2026-01-14,Abacus,BC,41.0,37.0,14.0,,5.0,2.0,
2026-01-12,Pallas,BC,41.0,39.0,16.0,,5.0,,
2026-01-10,Liaison,BC,38.0,36.0,20.0,,3.0,1.0,
2026-01-09,Nanos,BC,33.0,41.0,17.0,,7.0,,
2026-01-03,Liaison,BC,36.0,39.0,21.0,,2.0,1.0,
2026-01-02,Nanos,BC,37.0,35.0,18.0,,8.0,,
2025-12-28,Liaison,BC,37.0,42.0,17.0,,3.0,1.0,
2025-12-26,Nanos,BC,40.0,34.0,16.0,,8.0,,
2025-12-21,Liaison,BC,40.0,36.0,19.0,,4.0,1.0,
2025-12-19,Nanos,BC,32.0,34.0,21.0,,7.0,5.0,
2025-12-15,Ipsos,BC,40.0,41.0,14.0,,2.0,3.0,
2025-12-15,Pallas,BC,37.0,39.0,9.0,,12.0,,
2025-12-14,Innovative,BC,38.0,38.0,16.0,,6.0,,
2025-12-12,Nanos,BC,33.0,36.0,22.0,,6.0,4.0,
2025-12-09,Abacus,BC,40.0,38.0,15.0,,5.0,1.0,
2025-12-05,Nanos,BC,31.0,39.0,20.0,,5.0,5.0,
2025-12-01,Angus Reid,BC,33.0,43.0,17.0,,6.0,1.0,
2025-12-01,Abacus,BC,40.0,40.0,13.0,,6.0,1.0,
2025-12-01,Innovative,BC,36.0,41.0,15.0,,6.0,,
2025-11-30,Liaison,BC,40.0,33.0,19.0,,4.0,4.0,
2025-11-30,Leger,BC,43.0,45.0,8.0,,5.0,,
2025-11-28,Nanos,BC,33.0,42.0,16.0,,4.0,5.0,
2025-11-27,Abacus,BC,39.0,40.0,16.0,,4.0,1.0,
2025-11-21,Nanos,BC,33.0,43.0,15.0,,5.0,5.0,
2025-11-14,Nanos,BC,32.0,47.0,13.0,,5.0,3.0,
2025-11-11,EKOS,BC,41.0,39.0,12.0,,5.0,2.0,
2025-11-08,Liaison,BC,46.0,36.0,13.0,,2.0,2.0,
2025-11-07,Nanos,BC,31.0,48.0,14.0,,5.0,3.0,
2025-11-07,North Poll,BC,39.0,45.0,12.0,,4.0,,
2025-11-07,Angus Reid,BC,38.0,40.0,17.0,,3.0,,
2025-11-06,Abacus,BC,42.0,42.0,11.0,,4.0,2.0,
2025-11-04,EKOS,BC,47.0,33.0,6.0,,13.0,1.0,
2025-11-03,Liaison,BC,43.0,38.0,15.0,,1.0,1.0,
2025-11-02,Leger,BC,44.0,38.0,11.0,,7.0,,
2025-10-31,Nanos,BC,30.0,47.0,16.0,,5.0,2.0,
2025-10-29,Abacus,BC,40.0,41.0,13.0,,4.0,1.0,
2025-10-27,Innovative,BC,37.0,42.0,15.0,,5.0,,
2025-10-24,EKOS,BC,44.0,34.0,15.0,,5.0,1.0,
2025-10-24,Nanos,BC,34.0,43.0,17.0,,5.0,1.0,
2025-10-17,Nanos,BC,37.0,44.0,12.0,,6.0,1.0,
2025-10-16,Pallas,BC,46.0,38.0,15.0,,,,
2025-10-15,Abacus,BC,40.0,42.0,12.0,,5.0,1.0,
2025-10-10,Nanos,BC,36.0,43.0,14.0,,7.0,1.0,
2025-10-05,Leger,BC,56.0,31.0,8.0,,4.0,,
2025-10-03,Nanos,BC,35.0,43.0,16.0,,6.0,1.0,
2025-10-01,Abacus,BC,41.0,41.0,15.0,,2.0,1.0,
2025-09-26,Nanos,BC,33.0,43.0,18.0,,4.0,1.0,
2025-09-22,Angus Reid,BC,36.0,42.0,16.0,,4.0,,
2025-09-21,Liaison,BC,41.0,38.0,16.0,,2.0,3.0,
2025-09-19,Nanos,BC,33.0,41.0,20.0,,4.0,1.0,
2025-09-17,Abacus,BC,37.0,43.0,14.0,,5.0,1.0,
2025-09-12,Research Co,BC,49.0,36.0,10.0,,2.0,1.0,
2025-09-12,Nanos,BC,33.0,40.0,23.0,,3.0,1.0,
2025-09-12,EKOS,BC,33.0,36.0,25.0,,4.0,1.0,
2025-09-08,Ipsos,BC,44.0,41.0,13.0,,2.0,,
2025-09-07,Leger,BC,53.0,39.0,7.0,,,,
2025-09-05,Nanos,BC,36.0,40.0,19.0,,4.0,1.0,
2025-09-04,Angus Reid,BC,38.0,41.0,15.0,,3.0,,
2025-09-02,Abacus,BC,39.0,42.0,13.0,,5.0,1.0,
2025-09-01,Mainstreet,BC,48.0,43.0,8.0,,1.0,,
2025-08-29,Nanos,BC,38.0,42.0,18.0,,2.0,,
2025-08-27,Liaison,BC,41.0,38.0,16.0,,3.0,2.0,
2025-08-22,Nanos,BC,40.0,45.0,12.0,,2.0,1.0,
2025-08-19,Abacus,BC,42.0,43.0,13.0,,3.0,1.0,
2025-08-15,Nanos,BC,45.0,38.0,13.0,,3.0,1.0,
2025-08-08,Nanos,BC,41.0,37.0,16.0,,4.0,1.0,
2025-08-08,Liaison,BC,42.0,37.0,17.0,,4.0,,
2025-08-07,Abacus,BC,39.0,39.0,16.0,,3.0,2.0,
2025-08-04,Leger,BC,50.0,39.0,8.0,,2.0,,
2025-08-01,Pallas,BC,46.0,33.0,13.0,,7.0,,
2025-08-01,Nanos,BC,36.0,41.0,17.0,,3.0,2.0,
2025-07-28,Innovative,BC,38.0,40.0,12.0,,7.0,,
2025-07-25,Nanos,BC,41.0,40.0,17.0,,2.0,,
2025-07-15,Abacus,BC,40.0,39.0,14.0,,6.0,1.0,
2025-07-14,EKOS,BC,33.0,36.0,21.0,,6.0,3.0,
2025-07-11,Nanos,BC,51.0,33.0,12.0,,1.0,2.0,
2025-07-04,Nanos,BC,50.0,34.0,8.0,,2.0,3.0,
2025-07-04,Leger,BC,46.0,37.0,11.0,,3.0,,
2025-07-02,Abacus,BC,39.0,41.0,14.0,,5.0,1.0,
2025-07-02,Research Co,BC,52.0,37.0,7.0,,5.0,,
2025-06-30,Innovative,BC,41.0,40.0,13.0,,5.0,,
2025-06-27,Nanos,BC,38.0,35.0,16.0,,4.0,4.0,
2025-06-20,Nanos,BC,37.0,34.0,15.0,,6.0,3.0,
2025-06-19,Abacus,BC,45.0,36.0,12.0,,5.0,1.0,
2025-06-13,Nanos,BC,34.0,40.0,15.0,,6.0,2.0,
2025-06-06,Nanos,BC,34.0,37.0,18.0,,7.0,1.0,
2025-06-05,Abacus,BC,39.0,38.0,15.0,,5.0,2.0,
2025-05-30,Nanos,BC,38.0,41.0,14.0,,6.0,,
2025-05-30,Spark,BC,39.0,40.0,15.0,,,,
2025-05-23,Nanos,BC,34.0,42.0,18.0,,5.0,,
2025-05-22,Innovative,BC,42.0,38.0,12.0,,6.0,,
2025-05-21,Abacus,BC,41.0,39.0,15.0,,5.0,,
2025-05-16,Nanos,BC,33.0,42.0,19.0,,6.0,,
2025-05-07,Nanos,BC,35.0,43.0,17.0,,5.0,,
2026-04-25,Liaison,AB,34.0,51.0,7.0,,,4.0,
2026-04-22,Abacus,AB,26.0,60.0,10.0,,1.0,1.0,
2026-04-20,Angus Reid,AB,26.0,57.0,14.0,,1.0,,
2026-04-18,Liaison,AB,35.0,45.0,7.0,,1.0,6.0,
2026-04-11,Liaison,AB,31.0,46.0,7.0,,4.0,5.0,
2026-04-08,Spark,AB,37.0,44.0,10.0,,,,
2026-04-08,Abacus,AB,33.0,56.0,11.0,,,1.0,
2026-04-07,Ipsos,AB,40.0,48.0,11.0,,2.0,1.0,
2026-04-04,Liaison,AB,31.0,46.0,8.0,,5.0,3.0,
2026-03-30,Leger,AB,37.0,51.0,6.0,,1.0,,
2026-03-28,Liaison,AB,35.0,51.0,7.0,,2.0,3.0,
2026-03-26,Spark,AB,37.0,44.0,13.0,,,,
2026-03-24,Abacus,AB,25.0,58.0,12.0,,2.0,,
2026-03-21,Liaison,AB,39.0,47.0,5.0,,2.0,6.0,
2026-03-17,Angus Reid,AB,29.0,58.0,12.0,,,,
2026-03-15,EKOS,AB,41.0,37.0,17.0,,5.0,1.0,
2026-03-14,Liaison,AB,40.0,41.0,4.0,,2.0,9.0,
2026-03-11,Abacus,AB,32.0,59.0,6.0,,1.0,1.0,
2026-03-07,Liaison,AB,39.0,44.0,5.0,,2.0,5.0,
2026-03-06,Spark,AB,38.0,41.0,15.0,,,,
2026-03-02,Leger,AB,37.0,56.0,4.0,,1.0,,
2026-02-28,Liaison,AB,38.0,48.0,5.0,,3.0,3.0,
2026-02-26,Ipsos,AB,36.0,49.0,12.0,,2.0,1.0,
2026-02-25,Abacus,AB,36.0,51.0,7.0,,1.0,2.0,
2026-02-24,Pollara,AB,40.0,49.0,9.0,,,,
2026-02-23,Angus Reid,AB,40.0,44.0,11.0,,,,
2026-02-23,Abacus,AB,32.0,57.0,7.0,,1.0,2.0,
2026-02-21,Liaison,AB,37.0,48.0,4.0,,3.0,5.0,
2026-02-14,Liaison,AB,32.0,53.0,6.0,,2.0,3.0,
2026-02-12,Mainstreet,AB,45.0,48.0,5.0,,1.0,1.0,
2026-02-10,Abacus,AB,26.0,61.0,9.0,,1.0,2.0,
2026-02-07,Liaison,AB,33.0,52.0,5.0,,3.0,3.0,
2026-02-06,Research Co,AB,34.0,44.0,18.0,,3.0,1.0,
2026-01-31,Liaison,AB,33.0,53.0,2.0,,6.0,3.0,
2026-01-30,EKOS,AB,34.0,45.0,14.0,,4.0,2.0,
2026-01-27,Abacus,AB,31.0,56.0,8.0,,,4.0,
2026-01-26,Angus Reid,AB,25.0,54.0,18.0,,1.0,2.0,
2026-01-26,Leger,AB,35.0,58.0,6.0,,,,
2026-01-24,Liaison,AB,27.0,58.0,5.0,,4.0,2.0,
2026-01-17,Liaison,AB,25.0,61.0,7.0,,4.0,1.0,
2026-01-16,Abacus,AB,32.0,58.0,8.0,,1.0,1.0,
2026-01-14,Abacus,AB,26.0,58.0,11.0,,2.0,2.0,
2026-01-12,Pallas,AB,21.0,54.0,17.0,,,,
2026-01-10,Liaison,AB,23.0,63.0,6.0,,5.0,1.0,
2026-01-03,Liaison,AB,23.0,64.0,8.0,,3.0,1.0,
2025-12-28,Liaison,AB,24.0,64.0,7.0,,2.0,2.0,
2025-12-21,Liaison,AB,22.0,62.0,6.0,,3.0,5.0,
2025-12-15,Ipsos,AB,26.0,61.0,10.0,,,2.0,
2025-12-15,Pallas,AB,27.0,62.0,7.0,,,,
2025-12-14,Innovative,AB,26.0,55.0,14.0,,3.0,,
2025-12-09,Abacus,AB,29.0,58.0,10.0,,1.0,2.0,
2025-12-01,Angus Reid,AB,27.0,54.0,14.0,,1.0,2.0,
2025-12-01,Abacus,AB,29.0,59.0,8.0,,,2.0,
2025-12-01,Innovative,AB,26.0,57.0,9.0,,3.0,,
2025-11-30,Liaison,AB,33.0,52.0,9.0,,1.0,1.0,
2025-11-30,Leger,AB,29.0,58.0,9.0,,3.0,,
2025-11-27,Abacus,AB,28.0,61.0,9.0,,1.0,1.0,
2025-11-11,EKOS,AB,41.0,35.0,10.0,,5.0,4.0,
2025-11-08,Liaison,AB,31.0,55.0,9.0,,,3.0,
2025-11-07,North Poll,AB,29.0,55.0,12.0,,1.0,2.0,
2025-11-07,Angus Reid,AB,30.0,59.0,9.0,,1.0,,
2025-11-06,Abacus,AB,26.0,61.0,11.0,,,1.0,
2025-11-04,EKOS,AB,42.0,44.0,11.0,,,1.0,
2025-11-03,Liaison,AB,28.0,60.0,10.0,,1.0,2.0,
2025-11-02,Leger,AB,34.0,54.0,8.0,,2.0,,
2025-10-29,Abacus,AB,25.0,62.0,12.0,,,1.0,
2025-10-27,Innovative,AB,33.0,55.0,8.0,,,,
2025-10-24,EKOS,AB,30.0,50.0,12.0,,,5.0,
2025-10-16,Pallas,AB,23.0,56.0,14.0,,,,
2025-10-15,Abacus,AB,27.0,61.0,9.0,,1.0,1.0,
2025-10-05,Leger,AB,31.0,63.0,4.0,,,,
2025-10-01,Abacus,AB,25.0,57.0,11.0,,1.0,3.0,
2025-09-22,Angus Reid,AB,21.0,65.0,11.0,,,2.0,
2025-09-21,Liaison,AB,34.0,51.0,10.0,,1.0,2.0,
2025-09-17,Abacus,AB,28.0,60.0,9.0,,1.0,1.0,
2025-09-12,Research Co,AB,32.0,56.0,9.0,,1.0,1.0,
2025-09-12,EKOS,AB,27.0,56.0,8.0,,2.0,3.0,
2025-09-08,Ipsos,AB,29.0,61.0,8.0,,,2.0,
2025-09-07,Leger,AB,39.0,49.0,5.0,,2.0,,
2025-09-04,Angus Reid,AB,25.0,62.0,10.0,,1.0,,
2025-09-02,Abacus,AB,29.0,58.0,10.0,,1.0,1.0,
2025-09-01,Mainstreet,AB,25.0,59.0,13.0,,,1.0,
2025-08-27,Liaison,AB,32.0,53.0,9.0,,1.0,3.0,
2025-08-19,Abacus,AB,26.0,62.0,8.0,,2.0,2.0,
2025-08-08,Liaison,AB,27.0,59.0,8.0,,2.0,2.0,
2025-08-07,Abacus,AB,27.0,62.0,8.0,,1.0,2.0,
2025-08-04,Leger,AB,33.0,53.0,8.0,,5.0,,
2025-08-01,Pallas,AB,21.0,64.0,9.0,,1.0,,
2025-07-28,Innovative,AB,29.0,55.0,11.0,,3.0,,
2025-07-15,Abacus,AB,29.0,58.0,8.0,,1.0,,
2025-07-14,EKOS,AB,36.0,48.0,9.0,,2.0,5.0,
2025-07-04,Leger,AB,39.0,48.0,8.0,,3.0,,
2025-07-02,Abacus,AB,27.0,60.0,10.0,,,2.0,
2025-07-02,Research Co,AB,36.0,53.0,7.0,,2.0,2.0,
2025-06-30,Innovative,AB,26.0,59.0,10.0,,3.0,,
2025-06-19,Abacus,AB,24.0,65.0,6.0,,2.0,2.0,
2025-06-05,Abacus,AB,26.0,63.0,10.0,,,1.0,
2025-05-30,Spark,AB,28.0,62.0,7.0,,,,
2025-05-25,Leger,AB,35.0,54.0,5.0,,3.0,,
2025-05-22,Innovative,AB,24.0,62.0,8.0,,2.0,,
2025-05-21,Abacus,AB,27.0,62.0,9.0,,,1.0,
2026-04-25,Liaison,MB_SK,42.0,47.0,5.0,,4.0,,
2026-04-22,Abacus,MB_SK,40.0,47.0,10.0,,2.0,1.0,
2026-04-20,Angus Reid,MB_SK,35.0,49.0,13.0,,1.0,,
2026-04-18,Liaison,MB_SK,46.0,46.0,2.0,,3.0,2.0,
2026-04-11,Liaison,MB_SK,47.0,41.0,2.0,,3.0,3.0,
2026-04-08,Spark,MB_SK,40.0,38.0,13.0,,,,
2026-04-08,Abacus,MB_SK,28.0,53.0,15.0,,1.0,1.0,
2026-04-07,Ipsos,MB_SK,34.0,47.0,9.0,,4.0,5.0,
2026-04-04,Liaison,MB_SK,45.0,42.0,1.0,,5.0,5.0,
2026-03-30,Leger,MB_SK,44.0,46.0,8.0,,1.0,,
2026-03-28,Liaison,MB_SK,45.0,44.0,4.0,,2.0,7.0,
2026-03-26,Spark,MB_SK,44.0,36.0,13.0,,,,
2026-03-24,Abacus,MB_SK,36.0,53.0,6.0,,5.0,1.0,
2026-03-21,Liaison,MB_SK,39.0,42.0,12.0,,,5.0,
2026-03-17,Angus Reid,MB_SK,35.0,52.0,12.0,,2.0,,
2026-03-15,EKOS,MB_SK,45.0,35.0,19.0,,,1.0,
2026-03-14,Liaison,MB_SK,36.0,40.0,10.0,,1.0,5.0,
2026-03-11,Abacus,MB_SK,35.0,46.0,12.0,,4.0,2.0,
2026-03-07,Liaison,MB_SK,36.0,43.0,10.0,,1.0,3.0,
2026-03-06,Spark,MB_SK,39.0,38.0,15.0,,,,
2026-03-02,Leger,MB_SK,39.0,49.0,8.0,,3.0,,
2026-02-28,Liaison,MB_SK,36.0,47.0,10.0,,2.0,2.0,
2026-02-26,Ipsos,MB_SK,30.0,44.0,12.0,,13.0,1.0,
2026-02-24,Pollara,MB_SK,46.0,41.0,10.0,,,,
2026-02-23,Angus Reid,MB_SK,37.0,48.0,11.0,,3.0,,
2026-02-23,Abacus,MB_SK,38.0,50.0,11.0,,1.0,,
2026-02-21,Liaison,MB_SK,32.0,48.0,9.0,,3.0,2.0,
2026-02-14,Liaison,MB_SK,35.0,43.0,10.0,,1.0,3.0,
2026-02-10,Abacus,MB_SK,33.0,51.0,10.0,,2.0,3.0,
2026-02-07,Liaison,MB_SK,33.0,45.0,10.0,,1.0,3.0,
2026-02-06,Research Co,MB_SK,42.0,38.0,15.0,,5.0,,
2026-01-31,Liaison,MB_SK,32.0,48.0,9.0,,3.0,2.0,
2026-01-30,EKOS,MB_SK,37.0,44.0,11.0,,1.0,4.0,
2026-01-27,Abacus,MB_SK,33.0,53.0,12.0,,,2.0,
2026-01-26,Angus Reid,MB_SK,34.0,54.0,9.0,,2.0,1.0,
2026-01-26,Leger,MB_SK,44.0,46.0,7.0,,1.0,,
2026-01-24,Liaison,MB_SK,33.0,43.0,12.0,,3.0,5.0,
2026-01-17,Liaison,MB_SK,33.0,44.0,11.0,,3.0,5.0,
2026-01-16,Abacus,MB_SK,36.0,50.0,11.0,,2.0,1.0,
2026-01-14,Abacus,MB_SK,34.0,52.0,11.0,,2.0,,
2026-01-12,Pallas,MB_SK,33.0,55.0,11.0,,,,
2026-01-10,Liaison,MB_SK,33.0,44.0,13.0,,2.0,4.0,
2026-01-03,Liaison,MB_SK,33.0,46.0,15.0,,,5.0,
2025-12-28,Liaison,MB_SK,34.0,46.0,12.0,,,5.0,
2025-12-21,Liaison,MB_SK,29.0,55.0,9.0,,3.0,2.0,
2025-12-15,Ipsos,MB_SK,38.0,45.0,14.0,,1.0,2.0,
2025-12-15,Pallas,MB_SK,24.0,58.0,10.0,,4.0,,
2025-12-14,Innovative,MB_SK,29.0,53.0,15.0,,2.0,,
2025-12-09,Abacus,MB_SK,38.0,51.0,8.0,,1.0,1.0,
2025-12-01,Angus Reid,MB_SK,29.0,54.0,15.0,,1.0,2.0,
2025-12-01,Abacus,MB_SK,33.0,53.0,11.0,,3.0,1.0,
2025-12-01,Innovative,MB_SK,26.0,51.0,15.0,,7.0,,
2025-11-30,Liaison,MB_SK,30.0,50.0,11.0,,2.0,5.0,
2025-11-30,Leger,MB_SK,40.0,53.0,5.0,,1.0,,
2025-11-27,Abacus,MB_SK,33.0,50.0,14.0,,1.0,1.0,
2025-11-11,EKOS,MB_SK,28.0,43.0,22.0,,5.0,,
2025-11-08,Liaison,MB_SK,32.0,52.0,11.0,,2.0,3.0,
2025-11-07,North Poll,MB_SK,43.0,43.0,12.0,,2.0,,
2025-11-07,Angus Reid,MB_SK,31.0,56.0,12.0,,1.0,1.0,
2025-11-06,Abacus,MB_SK,33.0,54.0,10.0,,2.0,1.0,
2025-11-04,EKOS,MB_SK,43.0,33.0,17.0,,6.0,,
2025-11-03,Liaison,MB_SK,29.0,53.0,14.0,,,2.0,
2025-11-02,Leger,MB_SK,35.0,48.0,9.0,,3.0,,
2025-10-29,Abacus,MB_SK,31.0,54.0,9.0,,3.0,1.0,
2025-10-27,Innovative,MB_SK,31.0,51.0,14.0,,2.0,,
2025-10-24,EKOS,MB_SK,36.0,39.0,18.0,,1.0,4.0,
2025-10-16,Pallas,MB_SK,32.0,48.0,15.0,,1.0,,
2025-10-15,Abacus,MB_SK,34.0,51.0,12.0,,1.0,2.0,
2025-10-05,Leger,MB_SK,33.0,56.0,7.0,,2.0,,
2025-10-01,Abacus,MB_SK,32.0,53.0,7.0,,7.0,1.0,
2025-09-22,Angus Reid,MB_SK,28.0,58.0,14.0,,1.0,1.0,
2025-09-21,Liaison,MB_SK,31.0,48.0,12.0,,5.0,3.0,
2025-09-17,Abacus,MB_SK,31.0,55.0,9.0,,4.0,,
2025-09-12,Research Co,MB_SK,34.0,55.0,7.0,,1.0,1.0,
2025-09-12,EKOS,MB_SK,39.0,43.0,14.0,,1.0,1.0,
2025-09-08,Ipsos,MB_SK,33.0,50.0,16.0,,,1.0,
2025-09-07,Leger,MB_SK,39.0,47.0,9.0,,2.0,,
2025-09-04,Angus Reid,MB_SK,29.0,57.0,13.0,,1.0,,
2025-09-02,Abacus,MB_SK,39.0,50.0,10.0,,1.0,,
2025-09-01,Mainstreet,MB_SK,32.0,58.0,7.0,,,1.0,
2025-08-27,Liaison,MB_SK,31.0,48.0,12.0,,5.0,4.0,
2025-08-19,Abacus,MB_SK,35.0,52.0,9.0,,3.0,1.0,
2025-08-08,Liaison,MB_SK,32.0,49.0,13.0,,5.0,1.0,
2025-08-07,Abacus,MB_SK,34.0,52.0,13.0,,,1.0,
2025-08-04,Leger,MB_SK,35.0,49.0,11.0,,4.0,,
2025-08-01,Pallas,MB_SK,35.0,55.0,10.0,,,,
2025-07-28,Innovative,MB_SK,32.0,49.0,16.0,,2.0,,
2025-07-15,Abacus,MB_SK,33.0,52.0,11.0,,2.0,,
2025-07-14,EKOS,MB_SK,33.0,39.0,21.0,,1.0,7.0,
2025-07-04,Leger,MB_SK,35.0,49.0,10.0,,5.0,,
2025-07-02,Abacus,MB_SK,33.0,54.0,11.0,,1.0,2.0,
2025-07-02,Research Co,MB_SK,42.0,48.0,3.0,,2.0,5.0,
2025-06-30,Innovative,MB_SK,36.0,49.0,10.0,,3.0,,
2025-06-19,Abacus,MB_SK,39.0,45.0,13.0,,2.0,2.0,
2025-06-05,Abacus,MB_SK,31.0,54.0,13.0,,1.0,,
2025-05-30,Spark,MB_SK,36.0,48.0,14.0,,,,
2025-05-22,Innovative,MB_SK,28.0,49.0,14.0,,5.0,,
2025-05-21,Abacus,MB_SK,27.0,53.0,16.0,,3.0,1.0,
2026-04-25,Liaison,Atlantic,47.0,33.0,15.0,,2.0,2.0,
2026-04-24,Nanos,Atlantic,45.0,32.0,12.0,,8.0,2.0,
2026-04-22,Abacus,Atlantic,58.0,33.0,8.0,,1.0,,
2026-04-20,Angus Reid,Atlantic,58.0,28.0,11.0,,2.0,,
2026-04-18,Liaison,Atlantic,46.0,33.0,11.0,,3.0,2.0,
2026-04-17,Nanos,Atlantic,48.0,36.0,6.0,,9.0,1.0,
2026-04-11,Liaison,Atlantic,43.0,37.0,13.0,,1.0,2.0,
2026-04-10,Nanos,Atlantic,51.0,30.0,8.0,,8.0,2.0,
2026-04-08,Spark,Atlantic,46.0,37.0,9.0,,,,
2026-04-08,Abacus,Atlantic,45.0,36.0,6.0,,11.0,1.0,
2026-04-07,Ipsos,Atlantic,45.0,30.0,14.0,,8.0,2.0,
2026-04-04,Liaison,Atlantic,47.0,32.0,13.0,,3.0,2.0,
2026-04-03,Nanos,Atlantic,48.0,31.0,8.0,,11.0,1.0,
2026-03-30,Leger,Atlantic,59.0,35.0,2.0,,4.0,,
2026-03-28,Liaison,Atlantic,48.0,35.0,12.0,,3.0,,
2026-03-27,Nanos,Atlantic,57.0,26.0,9.0,,8.0,,
2026-03-26,Spark,Atlantic,57.0,27.0,8.0,,,,
2026-03-24,Abacus,Atlantic,61.0,30.0,6.0,,,2.0,
2026-03-21,Liaison,Atlantic,54.0,32.0,12.0,,,,
2026-03-20,Nanos,Atlantic,57.0,23.0,12.0,,8.0,,
2026-03-17,Angus Reid,Atlantic,58.0,33.0,7.0,,2.0,,
2026-03-15,EKOS,Atlantic,65.0,23.0,7.0,,2.0,,
2026-03-14,Liaison,Atlantic,57.0,34.0,8.0,,,2.0,
2026-03-13,Nanos,Atlantic,63.0,21.0,10.0,,5.0,1.0,
2026-03-11,Abacus,Atlantic,52.0,38.0,7.0,,3.0,,
2026-03-11,Narrative,Atlantic,67.0,22.0,9.0,,2.0,1.0,
2026-03-07,Liaison,Atlantic,54.0,35.0,7.0,,1.0,2.0,
2026-03-06,Spark,Atlantic,46.0,33.0,8.0,,,,
2026-03-06,Nanos,Atlantic,70.0,22.0,7.0,,,1.0,
2026-03-02,Leger,Atlantic,68.0,25.0,4.0,,2.0,,
2026-02-28,Liaison,Atlantic,53.0,35.0,7.0,,3.0,2.0,
2026-02-27,Nanos,Atlantic,62.0,24.0,14.0,,,1.0,
2026-02-26,Ipsos,Atlantic,57.0,27.0,12.0,,3.0,1.0,
2026-02-24,Pollara,Atlantic,56.0,31.0,9.0,,,,
2026-02-23,Angus Reid,Atlantic,62.0,29.0,6.0,,3.0,,
2026-02-23,Abacus,Atlantic,54.0,35.0,8.0,,1.0,1.0,
2026-02-21,Liaison,Atlantic,59.0,32.0,7.0,,2.0,,
2026-02-20,Nanos,Atlantic,68.0,21.0,10.0,,,,
2026-02-14,Liaison,Atlantic,59.0,32.0,7.0,,2.0,,
2026-02-13,Nanos,Atlantic,62.0,28.0,9.0,,1.0,,
2026-02-10,Abacus,Atlantic,52.0,39.0,4.0,,4.0,2.0,
2026-02-07,Liaison,Atlantic,57.0,35.0,7.0,,1.0,,
2026-02-06,Research Co,Atlantic,54.0,37.0,3.0,,4.0,1.0,
2026-02-06,Nanos,Atlantic,57.0,28.0,14.0,,1.0,,
2026-01-31,Liaison,Atlantic,54.0,35.0,6.0,,3.0,,
2026-01-30,EKOS,Atlantic,64.0,23.0,11.0,,1.0,2.0,
2026-01-30,Nanos,Atlantic,51.0,25.0,19.0,,4.0,,
2026-01-27,Abacus,Atlantic,53.0,35.0,9.0,,1.0,2.0,
2026-01-26,Angus Reid,Atlantic,45.0,47.0,6.0,,1.0,1.0,
2026-01-26,Leger,Atlantic,63.0,32.0,1.0,,3.0,,
2026-01-24,Liaison,Atlantic,53.0,30.0,9.0,,3.0,1.0,
2026-01-23,Nanos,Atlantic,55.0,21.0,18.0,,6.0,,
2026-01-17,Liaison,Atlantic,52.0,30.0,11.0,,3.0,2.0,
2026-01-16,Nanos,Atlantic,43.0,30.0,16.0,,12.0,,
2026-01-16,Abacus,Atlantic,52.0,38.0,6.0,,2.0,2.0,
2026-01-14,Abacus,Atlantic,45.0,42.0,8.0,,3.0,1.0,
2026-01-12,Pallas,Atlantic,49.0,31.0,17.0,,2.0,,
2026-01-10,Liaison,Atlantic,52.0,34.0,11.0,,3.0,,
2026-01-09,Nanos,Atlantic,49.0,36.0,13.0,,2.0,,
2026-01-03,Liaison,Atlantic,49.0,33.0,13.0,,2.0,2.0,
2026-01-02,Nanos,Atlantic,47.0,41.0,13.0,,,,
2025-12-28,Liaison,Atlantic,44.0,33.0,11.0,,4.0,5.0,
2025-12-26,Nanos,Atlantic,52.0,40.0,8.0,,,,
2025-12-21,Liaison,Atlantic,44.0,37.0,11.0,,3.0,3.0,
2025-12-19,Nanos,Atlantic,48.0,46.0,6.0,,,,
2025-12-15,Ipsos,Atlantic,63.0,24.0,7.0,,2.0,4.0,
2025-12-15,Pallas,Atlantic,54.0,31.0,9.0,,4.0,,
2025-12-14,Innovative,Atlantic,52.0,34.0,7.0,,3.0,,
2025-12-12,Nanos,Atlantic,53.0,42.0,6.0,,,,
2025-12-09,Abacus,Atlantic,51.0,36.0,9.0,,2.0,2.0,
2025-12-05,Nanos,Atlantic,45.0,48.0,8.0,,,,
2025-12-01,Angus Reid,Atlantic,52.0,36.0,8.0,,2.0,1.0,
2025-12-01,Abacus,Atlantic,49.0,42.0,5.0,,2.0,1.0,
2025-12-01,Innovative,Atlantic,48.0,31.0,6.0,,12.0,,
2025-11-30,Liaison,Atlantic,46.0,39.0,13.0,,2.0,,
2025-11-30,Leger,Atlantic,60.0,32.0,7.0,,1.0,,
2025-11-28,Nanos,Atlantic,53.0,34.0,11.0,,2.0,,
2025-11-27,Abacus,Atlantic,48.0,42.0,7.0,,2.0,,
2025-11-21,Nanos,Atlantic,50.0,34.0,14.0,,2.0,,
2025-11-14,Nanos,Atlantic,53.0,28.0,17.0,,2.0,,
2025-11-11,EKOS,Atlantic,58.0,32.0,6.0,,4.0,,
2025-11-08,Liaison,Atlantic,54.0,31.0,11.0,,2.0,2.0,
2025-11-07,Nanos,Atlantic,54.0,28.0,13.0,,5.0,,
2025-11-07,North Poll,Atlantic,50.0,41.0,6.0,,2.0,2.0,
2025-11-07,Angus Reid,Atlantic,50.0,38.0,7.0,,3.0,2.0,
2025-11-06,Abacus,Atlantic,48.0,40.0,8.0,,1.0,3.0,
2025-11-04,EKOS,Atlantic,49.0,30.0,9.0,,3.0,5.0,
2025-11-03,Liaison,Atlantic,53.0,31.0,10.0,,2.0,1.0,
2025-11-02,Leger,Atlantic,46.0,34.0,3.0,,15.0,,
2025-10-31,Nanos,Atlantic,55.0,31.0,9.0,,3.0,2.0,
2025-10-29,Abacus,Atlantic,45.0,40.0,11.0,,3.0,1.0,
2025-10-27,Innovative,Atlantic,53.0,36.0,8.0,,1.0,,
2025-10-24,EKOS,Atlantic,61.0,19.0,14.0,,4.0,1.0,
2025-10-24,Nanos,Atlantic,58.0,31.0,8.0,,5.0,1.0,
2025-10-17,Nanos,Atlantic,56.0,33.0,4.0,,6.0,1.0,
2025-10-16,Pallas,Atlantic,56.0,30.0,9.0,,5.0,,
2025-10-15,Abacus,Atlantic,54.0,38.0,5.0,,3.0,1.0,
2025-10-10,Nanos,Atlantic,55.0,32.0,6.0,,5.0,2.0,
2025-10-05,Leger,Atlantic,49.0,33.0,9.0,,7.0,,
2025-10-03,Nanos,Atlantic,49.0,41.0,7.0,,3.0,1.0,
2025-10-01,Abacus,Atlantic,47.0,41.0,6.0,,2.0,2.0,
2025-09-26,Nanos,Atlantic,58.0,33.0,5.0,,3.0,1.0,
2025-09-22,Angus Reid,Atlantic,53.0,36.0,9.0,,2.0,,
2025-09-21,Liaison,Atlantic,48.0,34.0,9.0,,3.0,2.0,
2025-09-19,Nanos,Atlantic,55.0,29.0,7.0,,,9.0,
2025-09-17,Abacus,Atlantic,60.0,31.0,4.0,,2.0,2.0,
2025-09-12,Research Co,Atlantic,39.0,37.0,21.0,,1.0,,
2025-09-12,Nanos,Atlantic,53.0,30.0,8.0,,1.0,8.0,
2025-09-12,EKOS,Atlantic,60.0,29.0,9.0,,,1.0,
2025-09-08,Ipsos,Atlantic,58.0,29.0,9.0,,2.0,2.0,
2025-09-07,Leger,Atlantic,70.0,23.0,6.0,,,,
2025-09-05,Nanos,Atlantic,54.0,26.0,11.0,,2.0,8.0,
2025-09-04,Angus Reid,Atlantic,51.0,37.0,7.0,,2.0,2.0,
2025-09-02,Abacus,Atlantic,54.0,36.0,3.0,,2.0,2.0,
2025-09-01,Mainstreet,Atlantic,52.0,38.0,10.0,,,,
2025-08-29,Nanos,Atlantic,56.0,26.0,8.0,,3.0,7.0,
2025-08-27,Liaison,Atlantic,59.0,23.0,10.0,,3.0,2.0,
2025-08-22,Nanos,Atlantic,55.0,32.0,7.0,,4.0,1.0,
2025-08-19,Abacus,Atlantic,44.0,42.0,10.0,,,3.0,
2025-08-15,Nanos,Atlantic,52.0,33.0,8.0,,4.0,4.0,
2025-08-08,Nanos,Atlantic,59.0,29.0,7.0,,2.0,2.0,
2025-08-08,Liaison,Atlantic,55.0,25.0,10.0,,5.0,2.0,
2025-08-07,Abacus,Atlantic,50.0,42.0,4.0,,1.0,3.0,
2025-08-04,Leger,Atlantic,68.0,26.0,3.0,,1.0,,
2025-08-01,Pallas,Atlantic,67.0,29.0,2.0,,1.0,,
2025-08-01,Nanos,Atlantic,57.0,37.0,4.0,,1.0,1.0,
2025-07-28,Innovative,Atlantic,49.0,38.0,9.0,,2.0,,
2025-07-25,Nanos,Atlantic,54.0,34.0,5.0,,,7.0,
2025-07-15,Abacus,Atlantic,55.0,38.0,3.0,,2.0,,
2025-07-14,EKOS,Atlantic,54.0,23.0,17.0,,3.0,,
2025-07-11,Nanos,Atlantic,45.0,38.0,9.0,,3.0,4.0,
2025-07-04,Nanos,Atlantic,42.0,30.0,19.0,,4.0,3.0,
2025-07-04,Leger,Atlantic,62.0,33.0,4.0,,,,
2025-07-02,Abacus,Atlantic,47.0,37.0,12.0,,3.0,2.0,
2025-07-02,Research Co,Atlantic,57.0,35.0,4.0,,3.0,1.0,
2025-06-30,Innovative,Atlantic,54.0,35.0,7.0,,2.0,,
2025-06-27,Nanos,Atlantic,46.0,28.0,17.0,,8.0,,
2025-06-20,Nanos,Atlantic,52.0,26.0,15.0,,5.0,,
2025-06-19,Abacus,Atlantic,48.0,38.0,6.0,,8.0,,
2025-06-13,Nanos,Atlantic,60.0,25.0,9.0,,4.0,,
2025-06-06,Nanos,Atlantic,65.0,21.0,10.0,,4.0,,
2025-06-05,Abacus,Atlantic,56.0,33.0,6.0,,3.0,2.0,
2025-05-30,Nanos,Atlantic,65.0,30.0,3.0,,2.0,,
2025-05-30,Spark,Atlantic,58.0,33.0,7.0,,,,
2025-05-23,Nanos,Atlantic,66.0,29.0,2.0,,3.0,,
2025-05-22,Innovative,Atlantic,53.0,40.0,4.0,,1.0,,
2025-05-21,Abacus,Atlantic,51.0,37.0,9.0,,2.0,1.0,
2025-05-16,Nanos,Atlantic,65.0,28.0,2.0,,5.0,,
2025-05-07,Nanos,Atlantic,65.0,28.0,3.0,,3.0,,
